gradient1,gradient2
7.273975544119793e-6,-54.131924453691106
9.999874131829433,-145.11493844470894
-0.49990153944417526,-102.68203673321835
