tau,kn,dx
0.001021442829170031,0.001,0.01
0.0005025295183722336,0.001,0.01
