tau1,tau2,kn,dx
0.0012493658481211648,0.0005113989043641259,0.001,0.01
