gradient1,gradient2
4.196643033083092e-12,-42.98882604193359
50.00000000002922,-128.77578126631624
12.500000000008326,-108.1439441658719
